Workbook
Name Bulan: [2]data!$B$2:$B$13
Name Tahun: [2]data!$C$2:$C$8

Sheet RAB PENDAPATAN
A1: ANGGARAN PENDAPATAN DAN BELANJA
A2: JEMAAT GMIM BUKIT MORIA TIKALA BARU
A3: TAHUN 2025
A5: I. PENDAPATAN
A6: Mata Anggaran | B6: URAIAN | C6: PENETAPAN ANGGARAN 2025 | D6: REALISASI ANGGARAN 2025 | E6: Persentasi
A9: 1.3.50.00 | B9: Persembahan Ibadah (Kotak dan Ekstra)
A10: 1.3.50.01 | B10: Persembahan Ibadah Subuh | C10: 150000000 | D10: =SUMIF([1]Transaksi!$C$6:$C$1048576,'RAB PENDAPATAN'!A10,[1]Transaksi!$F$6:$F$1048576) -> 114878500 | E10: =IF(OR(D10="",D10=0),"",D10/C10) -> 0.76585667
A11: 1.3.50.02 | B11: Persembahan Ibadah Pagi | C11: 225000000 | D11: =SUMIF([1]Transaksi!$C$6:$C$1048576,'RAB PENDAPATAN'!A11,[1]Transaksi!$F$6:$F$1048576) -> 148121000 | E11: =IF(OR(D11="",D11=0),"",D11/C11) -> 0.65831556
A12: 1.3.50.04 | B12: Persembahan Ibadah Malam | C12: 130000000 | D12: =SUMIF([1]Transaksi!$C$6:$C$1048576,'RAB PENDAPATAN'!A12,[1]Transaksi!$F$6:$F$1048576) -> 111814000 | E12: =IF(OR(D12="",D12=0),"",D12/C12) -> 0.86010769
B13: Jumlah Persembahan Ibadah | C13: =SUM(C10:C12) -> 505000000 | D13: =SUM(D10:D12) -> 374813500 | E13: =IF(OR(D13="",D13=0),"",D13/C13) -> 0.74220495
E14: =IF(OR(D14="",D14=0),"",D14/C14)
A15: 1.3.51.00 | B15: Persembahan Persepuluhan | C15: 50000000 | D15: =SUMIF([1]Transaksi!$C$6:$C$1048576,'RAB PENDAPATAN'!A15,[1]Transaksi!$F$6:$F$1048576) -> 25915000 | E15: =IF(OR(D15="",D15=0),"",D15/C15) -> 0.5183
B16: Jumlah Persembahan Persepuluhan | C16: =C15 -> 50000000 | D16: =D15 -> 25915000 | E16: =IF(OR(D16="",D16=0),"",D16/C16) -> 0.5183
E17: =IF(OR(D17="",D17=0),"",D17/C17)
A18: 1.3.01.00 | B18: Persembahan Ibd Kompelka BIPRA | E18: =IF(OR(D18="",D18=0),"",D18/C18)
A19: 1.3.01.01 | B19: Persembahan Ibadah Kompelka ARAS / Rayon Pria/Kaum Bapa | C19: 12500000 | D19: =SUMIF([1]Transaksi!$C$6:$C$1048576,'RAB PENDAPATAN'!A19,[1]Transaksi!$F$6:$F$1048576) -> 7704000 | E19: =IF(OR(D19="",D19=0),"",D19/C19) -> 0.61632
A20: 1.3.01.02 | B20: Persembahan Ibadah Kompelka ARAS / Rayon Wanita/Kaum Ibu | C20: 22500000 | D20: =SUMIF([1]Transaksi!$C$6:$C$1048576,'RAB PENDAPATAN'!A20,[1]Transaksi!$F$6:$F$1048576) -> 14546000 | E20: =IF(OR(D20="",D20=0),"",D20/C20) -> 0.64648889
A21: 1.3.01.03 | B21: Persembahan Ibadah Kompelka ARAS / Rayon Pemuda | C21: 10000000 | D21: =SUMIF([1]Transaksi!$C$6:$C$1048576,'RAB PENDAPATAN'!A21,[1]Transaksi!$F$6:$F$1048576) -> 785000 | E21: =IF(OR(D21="",D21=0),"",D21/C21) -> 0.0785
A22: 1.3.01.04 | B22: Persembahan Ibadah Kompelka ARAS / Rayon Remaja | C22: 2500000 | D22: =SUMIF([1]Transaksi!$C$6:$C$1048576,'RAB PENDAPATAN'!A22,[1]Transaksi!$F$6:$F$1048576) -> 1827000 | E22: =IF(OR(D22="",D22=0),"",D22/C22) -> 0.7308
A23: 1.3.01.05 | B23: Persembahan Ibadah Kompelka ARAS / Rayon Anak | C23: 5000000 | D23: =SUMIF([1]Transaksi!$C$6:$C$1048576,'RAB PENDAPATAN'!A23,[1]Transaksi!$F$6:$F$1048576) -> 144000 | E23: =IF(OR(D23="",D23=0),"",D23/C23) -> 0.0288
A24: 1.3.01.07 | B24: Persembahan Ibadah Kompelka ARAS / Rayon GSM | C24: 750000 | D24: =SUMIF([1]Transaksi!$C$6:$C$1048576,'RAB PENDAPATAN'!A24,[1]Transaksi!$F$6:$F$1048576) -> 0 | E24: =IF(OR(D24="",D24=0),"",D24/C24)
A25: 1.3.01.08 | B25: Persembahan Ibadah Kompelka ARAS / Rayon Lansia | C25: 14000000 | D25: =SUMIF([1]Transaksi!$C$6:$C$1048576,'RAB PENDAPATAN'!A25,[1]Transaksi!$F$6:$F$1048576) -> 8329000 | E25: =IF(OR(D25="",D25=0),"",D25/C25) -> 0.59492857
A26: 1.3.01.09 | B26: Pemuda Remaja Jemaat (Gabungan) | C26: 5000000 | D26: =SUMIF([1]Transaksi!$C$6:$C$1048576,'RAB PENDAPATAN'!A26,[1]Transaksi!$F$6:$F$1048576) -> 2470000 | E26: =IF(OR(D26="",D26=0),"",D26/C26) -> 0.494
B27: Total Persembahan Ibd Kompelka BIPRA | C27: =SUM(C19:C26) -> 72250000 | D27: =SUM(D19:D26) -> 35805000 | E27: =IF(OR(D27="",D27=0),"",D27/C27) -> 0.49557093
E28: =IF(OR(D28="",D28=0),"",D28/C28)
A29: 1.3.53.00 | B29: Persembahan Ibadah Kolom | E29: =IF(OR(D29="",D29=0),"",D29/C29)
A30: 1.3.53.01 | B30: Ibadah Perkunjungan Keluarga Rutin | C30: 160000000 | D30: =SUMIF([1]Transaksi!$C$6:$C$1048576,'RAB PENDAPATAN'!A30,[1]Transaksi!$F$6:$F$1048576) -> 105708500 | E30: =IF(OR(D30="",D30=0),"",D30/C30) -> 0.66067813
A31: 1.3.53.02 | B31: Persembahan Ibadah Kolom Pria/Kaum Bapa | C31: 35000000 | D31: =SUMIF([1]Transaksi!$C$6:$C$1048576,'RAB PENDAPATAN'!A31,[1]Transaksi!$F$6:$F$1048576) -> 24903000 | E31: =IF(OR(D31="",D31=0),"",D31/C31) -> 0.71151429
A32: 1.3.53.03 | B32: Persembahan Ibadah Kolom Wanita/Kaum Ibu | C32: 57500000 | D32: =SUMIF([1]Transaksi!$C$6:$C$1048576,'RAB PENDAPATAN'!A32,[1]Transaksi!$F$6:$F$1048576) -> 38625000 | E32: =IF(OR(D32="",D32=0),"",D32/C32) -> 0.67173913
A33: 1.3.53.04 | B33: Persembahan Ibadah Kolom Pemuda | C33: 1250000 | D33: =SUMIF([1]Transaksi!$C$6:$C$1048576,'RAB PENDAPATAN'!A33,[1]Transaksi!$F$6:$F$1048576) -> 0 | E33: =IF(OR(D33="",D33=0),"",D33/C33)
A34: 1.3.53.05 | B34: Persembahan Ibadah Kolom Remaja | C34: 500000 | D34: =SUMIF([1]Transaksi!$C$6:$C$1048576,'RAB PENDAPATAN'!A34,[1]Transaksi!$F$6:$F$1048576) -> 0 | E34: =IF(OR(D34="",D34=0),"",D34/C34)
A35: 1.3.53.06 | B35: Persembahan Ibadah Kolom ASM | C35: 10000000 | D35: =SUMIF([1]Transaksi!$C$6:$C$1048576,'RAB PENDAPATAN'!A35,[1]Transaksi!$F$6:$F$1048576) -> 5094000 | E35: =IF(OR(D35="",D35=0),"",D35/C35) -> 0.5094
A36: 1.3.53.07 | B36: Persembahan Ibadah Kolom - Syukur HUT Kelahiran/Organisasi | C36: 17500000 | D36: =SUMIF([1]Transaksi!$C$6:$C$1048576,'RAB PENDAPATAN'!A36,[1]Transaksi!$F$6:$F$1048576) -> 8754000 | E36: =IF(OR(D36="",D36=0),"",D36/C36) -> 0.50022857
A37: 1.3.53.08 | B37: Persembahan Ibadah Kolom - Syukur HUT Pernikahan | C37: 5000000 | D37: =SUMIF([1]Transaksi!$C$6:$C$1048576,'RAB PENDAPATAN'!A37,[1]Transaksi!$F$6:$F$1048576) -> 1689000 | E37: =IF(OR(D37="",D37=0),"",D37/C37) -> 0.3378
A38: 1.3.53.09 | B38: Persembahan Ibadah Kolom - Syukur Keluarga Lainnya | C38: 22500000 | D38: =SUMIF([1]Transaksi!$C$6:$C$1048576,'RAB PENDAPATAN'!A38,[1]Transaksi!$F$6:$F$1048576) -> 9763400 | E38: =IF(OR(D38="",D38=0),"",D38/C38) -> 0.43392889
A39: 1.3.53.10 | B39: Persembahan Ibadah Awal Bulan | C39: 3000000 | D39: =SUMIF([1]Transaksi!$C$6:$C$1048576,'RAB PENDAPATAN'!A39,[1]Transaksi!$F$6:$F$1048576) -> 423000 | E39: =IF(OR(D39="",D39=0),"",D39/C39) -> 0.141
A40: 1.3.53.11 | B40: Pemuda & Remaja Kolom (Gabungan) | C40: 500000 | D40: =SUMIF([1]Transaksi!$C$6:$C$1048576,'RAB PENDAPATAN'!A40,[1]Transaksi!$F$6:$F$1048576) -> 519000 | E40: =IF(OR(D40="",D40=0),"",D40/C40) -> 1.038
B41: Jumlah Persembahan Ibadah Kolom | C41: =SUM(C30:C40) -> 312750000 | D41: =SUM(D30:D40) -> 195478900 | E41: =IF(OR(D41="",D41=0),"",D41/C41) -> 0.62503245
E42: =IF(OR(D42="",D42=0),"",D42/C42)
A43: 1.3.54.00 | B43: PERSEMBAHAN IBADAH HARI RAYA | E43: =IF(OR(D43="",D43=0),"",D43/C43)
A44: 1.3.54.01 | B44: Persembahan Ibadah Tahun Baru I | C44: 15000000 | D44: =SUMIF([1]Transaksi!$C$6:$C$1048576,'RAB PENDAPATAN'!A44,[1]Transaksi!$F$6:$F$1048576) -> 15536000 | E44: =IF(OR(D44="",D44=0),"",D44/C44) -> 1.0357333
A45: 1.3.54.02 | B45: Persembahan Ibadah Tahun Baru II | C45: 5000000 | D45: =SUMIF([1]Transaksi!$C$6:$C$1048576,'RAB PENDAPATAN'!A45,[1]Transaksi!$F$6:$F$1048576) -> 2343000 | E45: =IF(OR(D45="",D45=0),"",D45/C45) -> 0.4686
A46: 1.3.54.03 | B46: Persembahan Jumat Agung dan Perjamuan Kudus Jumat Agung | C46: 20000000 | D46: =SUMIF([1]Transaksi!$C$6:$C$1048576,'RAB PENDAPATAN'!A46,[1]Transaksi!$F$6:$F$1048576) -> 20997000 | E46: =IF(OR(D46="",D46=0),"",D46/C46) -> 1.04985
A47: 1.3.54.04 | B47: Persembahan Ibadah Paskah I | C47: 12500000 | D47: =SUMIF([1]Transaksi!$C$6:$C$1048576,'RAB PENDAPATAN'!A47,[1]Transaksi!$F$6:$F$1048576) -> 14801000 | E47: =IF(OR(D47="",D47=0),"",D47/C47) -> 1.18408
A48: 1.3.54.06 | B48: Persembahan Ibadah Hari Kenaikan | C48: 4000000 | D48: =SUMIF([1]Transaksi!$C$6:$C$1048576,'RAB PENDAPATAN'!A48,[1]Transaksi!$F$6:$F$1048576) -> 3585000 | E48: =IF(OR(D48="",D48=0),"",D48/C48) -> 0.89625
A49: 1.3.54.07 | B49: Persembahan Hari Natal I | C49: 25000000 | D49: =SUMIF([1]Transaksi!$C$6:$C$1048576,'RAB PENDAPATAN'!A49,[1]Transaksi!$F$6:$F$1048576) -> 0 | E49: =IF(OR(D49="",D49=0),"",D49/C49)
A50: 1.3.54.08 | B50: Persembahan Hari Natal II | C50: 7500000 | D50: =SUMIF([1]Transaksi!$C$6:$C$1048576,'RAB PENDAPATAN'!A50,[1]Transaksi!$F$6:$F$1048576) -> 0 | E50: =IF(OR(D50="",D50=0),"",D50/C50)
A51: 1.3.54.09 | B51: Persembahan Ibadah Akhir Tahun | C51: 7500000 | D51: =SUMIF([1]Transaksi!$C$6:$C$1048576,'RAB PENDAPATAN'!A51,[1]Transaksi!$F$6:$F$1048576) -> 0 | E51: =IF(OR(D51="",D51=0),"",D51/C51)
A52: 1.3.54.10 | B52: Persembahan Ibadah Malam Natal | C52: 25000000 | D52: =SUMIF([1]Transaksi!$C$6:$C$1048576,'RAB PENDAPATAN'!A52,[1]Transaksi!$F$6:$F$1048576) -> 0 | E52: =IF(OR(D52="",D52=0),"",D52/C52)
B53: Jumlah Persembahan Ibadah Hari Raya | C53: =SUM(C44:C52) -> 121500000 | D53: =SUM(D44:D52) -> 57262000 | E53: =IF(OR(D53="",D53=0),"",D53/C53) -> 0.47129218
E54: =IF(OR(D54="",D54=0),"",D54/C54)
A55: 1.3.58.00 | B55: PERSEMBAHAN IBADAH PENEGUHAN DAN PEMBERKATAN NIKAH | C55: 5000000 | D55: =SUMIF([1]Transaksi!$C$6:$C$1048576,'RAB PENDAPATAN'!A55,[1]Transaksi!$F$6:$F$1048576) -> 2386000 | E55: =IF(OR(D55="",D55=0),"",D55/C55) -> 0.4772
E56: =IF(OR(D56="",D56=0),"",D56/C56)
A57: 1.3.59.00 | B57: PERSEMBAHAN IBADAH KATEKISASI | C57: 5000000 | D57: =SUMIF([1]Transaksi!$C$6:$C$1048576,'RAB PENDAPATAN'!A57,[1]Transaksi!$F$6:$F$1048576) -> 1805000 | E57: =IF(OR(D57="",D57=0),"",D57/C57) -> 0.361
E58: =IF(OR(D58="",D58=0),"",D58/C58)
A59: 1.3.60.00 | B59: PERSEMBAHAN IBADAH KONVEN PELSUS/PA | C59: 5000000 | D59: =SUMIF([1]Transaksi!$C$6:$C$1048576,'RAB PENDAPATAN'!A59,[1]Transaksi!$F$6:$F$1048576) -> 4243000 | E59: =IF(OR(D59="",D59=0),"",D59/C59) -> 0.8486
E60: =IF(OR(D60="",D60=0),"",D60/C60)
A61: 1.3.61.00 | B61: PERSEMBAHAN IBADAH SIDANG MAJELIS JEMAAT | C61: 3000000 | D61: =SUMIF([1]Transaksi!$C$6:$C$1048576,'RAB PENDAPATAN'!A61,[1]Transaksi!$F$6:$F$1048576) -> 1686000 | E61: =IF(OR(D61="",D61=0),"",D61/C61) -> 0.562
E62: =IF(OR(D62="",D62=0),"",D62/C62)
A63: 1.3.62.00 | B63: PERSEMBAHAN IBADAH ORGANISASI/RUKUN | C63: 3000000 | D63: =SUMIF([1]Transaksi!$C$6:$C$1048576,'RAB PENDAPATAN'!A63,[1]Transaksi!$F$6:$F$1048576) -> 3376000 | E63: =IF(OR(D63="",D63=0),"",D63/C63) -> 1.1253333
E64: =IF(OR(D64="",D64=0),"",D64/C64)
E65: =IF(OR(D65="",D65=0),"",D65/C65)
A66: 1.3.64.00 | B66: PERSEMBAHAN IBADAH HUT | E66: =IF(OR(D66="",D66=0),"",D66/C66)
A67: 1.3.64.01 | B67: Persembahan HUT GMIM bersinode & PI dan Pendidikan Kristen | C67: 1500000 | D67: =SUMIF([1]Transaksi!$C$6:$C$1048576,'RAB PENDAPATAN'!A67,[1]Transaksi!$F$6:$F$1048576) -> 605000 | E67: =IF(OR(D67="",D67=0),"",D67/C67) -> 0.40333333
A68: 1.3.64.03 | B68: Persembahan HUT Jemaat | C68: 10000000 | D68: =SUMIF([1]Transaksi!$C$6:$C$1048576,'RAB PENDAPATAN'!A68,[1]Transaksi!$F$6:$F$1048576) -> 0 | E68: =IF(OR(D68="",D68=0),"",D68/C68)
B69: Total Persembahan Ibadah HUT | C69: =SUM(C67:C68) -> 11500000 | D69: =SUM(D67:D68) -> 605000 | E69: =IF(OR(D69="",D69=0),"",D69/C69) -> 0.052608696
E70: =IF(OR(D70="",D70=0),"",D70/C70)
A71: 1.3.65.00 | B71: PERSEMBAHAN IBADAH MENYAMBUT NATAL | E71: =IF(OR(D71="",D71=0),"",D71/C71)
A72: 1.3.65.01 | B72: Persembahan Ibadah Menyambut Natal Kolom | C72: 15000000 | D72: =SUMIF([1]Transaksi!$C$6:$C$1048576,'RAB PENDAPATAN'!A72,[1]Transaksi!$F$6:$F$1048576) -> 0 | E72: =IF(OR(D72="",D72=0),"",D72/C72)
A73: 1.3.65.03 | B73: Persembahan Ibadah Menyambut Natal Jemaat | C73: 7500000 | D73: =SUMIF([1]Transaksi!$C$6:$C$1048576,'RAB PENDAPATAN'!A73,[1]Transaksi!$F$6:$F$1048576) -> 0 | E73: =IF(OR(D73="",D73=0),"",D73/C73)
A74: 1.3.65.04 | B74: Persembahan Ibadah Menyambut Natal Pria/Kaum Bapa | C74: 3000000 | D74: =SUMIF([1]Transaksi!$C$6:$C$1048576,'RAB PENDAPATAN'!A74,[1]Transaksi!$F$6:$F$1048576) -> 0 | E74: =IF(OR(D74="",D74=0),"",D74/C74)
A75: 1.3.65.05 | B75: Persembahan Ibadah Menyambut Natal Wanita/Kaum Ibu | C75: 3000000 | D75: =SUMIF([1]Transaksi!$C$6:$C$1048576,'RAB PENDAPATAN'!A75,[1]Transaksi!$F$6:$F$1048576) -> 0 | E75: =IF(OR(D75="",D75=0),"",D75/C75)
A76: 1.3.65.06 | B76: Persembahan Ibadah Menyambut Natal Pemuda | C76: 1500000 | D76: =SUMIF([1]Transaksi!$C$6:$C$1048576,'RAB PENDAPATAN'!A76,[1]Transaksi!$F$6:$F$1048576) -> 0 | E76: =IF(OR(D76="",D76=0),"",D76/C76)
A77: 1.3.65.07 | B77: Persembahan Ibadah Menyambut Natal Remaja | C77: 1250000 | D77: =SUMIF([1]Transaksi!$C$6:$C$1048576,'RAB PENDAPATAN'!A77,[1]Transaksi!$F$6:$F$1048576) -> 0 | E77: =IF(OR(D77="",D77=0),"",D77/C77)
A78: 1.3.65.08 | B78: Persembahan Ibadah Menyambut Natal ASM | C78: 1500000 | D78: =SUMIF([1]Transaksi!$C$6:$C$1048576,'RAB PENDAPATAN'!A78,[1]Transaksi!$F$6:$F$1048576) -> 0 | E78: =IF(OR(D78="",D78=0),"",D78/C78)
A79: 1.3.65.09 | B79: Persembahan Ibadah Menyambut Natal GSM | C79: 750000 | D79: =SUMIF([1]Transaksi!$C$6:$C$1048576,'RAB PENDAPATAN'!A79,[1]Transaksi!$F$6:$F$1048576) -> 0 | E79: =IF(OR(D79="",D79=0),"",D79/C79)
A80: 1.3.65.10 | B80: Persembahan Ibadah Menyambut Natal Pelayan Khusus | C80: 1250000 | D80: =SUMIF([1]Transaksi!$C$6:$C$1048576,'RAB PENDAPATAN'!A80,[1]Transaksi!$F$6:$F$1048576) -> 0 | E80: =IF(OR(D80="",D80=0),"",D80/C80)
A81: 1.3.65.11 | B81: Persembahan Ibadah Menyambut Natal Organisasi/Rukun | C81: 3000000 | D81: =SUMIF([1]Transaksi!$C$6:$C$1048576,'RAB PENDAPATAN'!A81,[1]Transaksi!$F$6:$F$1048576) -> 0 | E81: =IF(OR(D81="",D81=0),"",D81/C81)
A82: 1.3.65.12 | B82: Persembahan Ibadah Menyambut Natal Lansia | C82: 1500000 | D82: =SUMIF([1]Transaksi!$C$6:$C$1048576,'RAB PENDAPATAN'!A82,[1]Transaksi!$F$6:$F$1048576) -> 0 | E82: =IF(OR(D82="",D82=0),"",D82/C82)
B83: Jumlah Persembahan Menyambut Natal | C83: =SUM(C72:C82) -> 39250000 | D83: =SUM(D72:D82) -> 0 | E83: =IF(OR(D83="",D83=0),"",D83/C83)
E84: =IF(OR(D84="",D84=0),"",D84/C84)
B85: SAMPUL - SAMPUL | E85: =IF(OR(D85="",D85=0),"",D85/C85)
A86: 1.3.66.01 | B86: Sampul HUT Kelahiran | C86: 100000000 | D86: =SUMIF([1]Transaksi!$C$6:$C$1048576,'RAB PENDAPATAN'!A86,[1]Transaksi!$F$6:$F$1048576) -> 72905000 | E86: =IF(OR(D86="",D86=0),"",D86/C86) -> 0.72905
A87: 1.3.66.02 | B87: Sampul HUT Pernikahan | C87: 15000000 | D87: =SUMIF([1]Transaksi!$C$6:$C$1048576,'RAB PENDAPATAN'!A87,[1]Transaksi!$F$6:$F$1048576) -> 8575000 | E87: =IF(OR(D87="",D87=0),"",D87/C87) -> 0.57166667
A88: 1.3.66.03 | B88: Sampul Pemberkatan/Pernikahan | C88: 7500000 | D88: =SUMIF([1]Transaksi!$C$6:$C$1048576,'RAB PENDAPATAN'!A88,[1]Transaksi!$F$6:$F$1048576) -> 2700000 | E88: =IF(OR(D88="",D88=0),"",D88/C88) -> 0.36
A89: 1.3.66.04 | B89: Sampul Baptisan Kudus | C89: 12500000 | D89: =SUMIF([1]Transaksi!$C$6:$C$1048576,'RAB PENDAPATAN'!A89,[1]Transaksi!$F$6:$F$1048576) -> 5700000 | E89: =IF(OR(D89="",D89=0),"",D89/C89) -> 0.456
A90: 1.3.66.05 | B90: Sampul Perjamuan Kudus | C90: 75000000 | D90: =SUMIF([1]Transaksi!$C$6:$C$1048576,'RAB PENDAPATAN'!A90,[1]Transaksi!$F$6:$F$1048576) -> 57973000 | E90: =IF(OR(D90="",D90=0),"",D90/C90) -> 0.77297333
A91: 1.3.66.06 | B91: Sampul Peneguhan Sidi | C91: 7500000 | D91: =SUMIF([1]Transaksi!$C$6:$C$1048576,'RAB PENDAPATAN'!A91,[1]Transaksi!$F$6:$F$1048576) -> 2770000 | E91: =IF(OR(D91="",D91=0),"",D91/C91) -> 0.36933333
A92: 1.3.66.07 | B92: Sampul Tahun Baru | C92: 17500000 | D92: =SUMIF([1]Transaksi!$C$6:$C$1048576,'RAB PENDAPATAN'!A92,[1]Transaksi!$F$6:$F$1048576) -> 15399000 | E92: =IF(OR(D92="",D92=0),"",D92/C92) -> 0.87994286
A93: 1.3.66.08 | B93: Sampul Paskah | C93: 10000000 | D93: =SUMIF([1]Transaksi!$C$6:$C$1048576,'RAB PENDAPATAN'!A93,[1]Transaksi!$F$6:$F$1048576) -> 11869000 | E93: =IF(OR(D93="",D93=0),"",D93/C93) -> 1.1869
A94: 1.3.66.11 | B94: Sampul Natal | C94: 35000000 | D94: =SUMIF([1]Transaksi!$C$6:$C$1048576,'RAB PENDAPATAN'!A94,[1]Transaksi!$F$6:$F$1048576) -> 375000 | E94: =IF(OR(D94="",D94=0),"",D94/C94) -> 0.010714286
A95: 1.3.66.12 | B95: Sampul Pengucapan Syukur | C95: 150000000 | D95: =SUMIF([1]Transaksi!$C$6:$C$1048576,'RAB PENDAPATAN'!A95,[1]Transaksi!$F$6:$F$1048576) -> 126061000 | E95: =IF(OR(D95="",D95=0),"",D95/C95) -> 0.84040667
A96: 1.3.66.13 | B96: Sampul Syukur Lainnya | C96: 25000000 | D96: =SUMIF([1]Transaksi!$C$6:$C$1048576,'RAB PENDAPATAN'!A96,[1]Transaksi!$F$6:$F$1048576) -> 250000 | E96: =IF(OR(D96="",D96=0),"",D96/C96) -> 0.01
A97: 1.3.66.14 | B97: Sampul PBTK | C97: 75000000 | D97: =SUMIF([1]Transaksi!$C$6:$C$1048576,'RAB PENDAPATAN'!A97,[1]Transaksi!$F$6:$F$1048576) -> 27525000 | E97: =IF(OR(D97="",D97=0),"",D97/C97) -> 0.367
A98: 1.3.66.15 | B98: Sampul Syukur Pelantikan | C98: 7500000 | D98: =SUMIF([1]Transaksi!$C$6:$C$1048576,'RAB PENDAPATAN'!A98,[1]Transaksi!$F$6:$F$1048576) -> 6272000 | E98: =IF(OR(D98="",D98=0),"",D98/C98) -> 0.83626667
B99: Jumlah Sampul- sampul | C99: =SUM(C86:C98) -> 537500000 | D99: =SUM(D86:D98) -> 338374000 | E99: =IF(OR(D99="",D99=0),"",D99/C99) -> 0.62953302
E100: =IF(OR(D100="",D100=0),"",D100/C100)
A101: 2.3.50.00 | B101: PERSEMBAHAN IBADAH KHUSUS | E101: =IF(OR(D101="",D101=0),"",D101/C101)
A102: 2.3.50.06 | B102: Persembahan Ibadah Hari Doa Sedunia | C102: 2000000 | D102: =SUMIF([1]Transaksi!$C$6:$C$1048576,'RAB PENDAPATAN'!A102,[1]Transaksi!$F$6:$F$1048576) -> 235000 | E102: =IF(OR(D102="",D102=0),"",D102/C102) -> 0.1175
A103: 2.3.50.07 | B103: Persembahan SD GMIM 05 | C103: 7500000 | D103: =SUMIF([1]Transaksi!$C$6:$C$1048576,'RAB PENDAPATAN'!A103,[1]Transaksi!$F$6:$F$1048576) -> 4560500 | E103: =IF(OR(D103="",D103=0),"",D103/C103) -> 0.60806667
...
