Workbook
Name Bulan: [2]data!$B$2:$B$13
Name Tahun: [2]data!$C$2:$C$8

Sheet Rekap Perbulan
D5: 1
A8: No | B8: Tanggal Awal | C8: Tanggal Akhir | D8: Pendapatan | E8: Pengeluaran | F8: Saldo
A9: 1 | B9: 45658 | C9: 45688 | D9: =SUMIF([1]Transaksi!$K$6:$K$1048576,'Rekap Perbulan'!A9,[1]Transaksi!$F$6:$F$1048576)-SUMIFS([1]Transaksi!$F$6:$F$1048576,[1]Transaksi!$C$6:$C$1048576,"1.1.11.11",[1]Transaksi!$K$6:$K$1048576,'Rekap Perbulan'!A9) -> 169678000 | E9: =SUMIF([1]Transaksi!$K$6:$K$1048576,'Rekap Perbulan'!A9,[1]Transaksi!$G$6:$G$1048576)-SUMIFS([1]Transaksi!$G$6:$G$1048576,[1]Transaksi!$K$6:$K$1048576,'Rekap Perbulan'!A9,[1]Transaksi!$C$6:$C$1048576,"2.2.22.22") -> 155847700 | F9: =D9-E9 -> 13830300
A10: 2 | B10: 45689 | C10: 45716 | D10: =SUMIF([1]Transaksi!$K$6:$K$1048576,'Rekap Perbulan'!A10,[1]Transaksi!$F$6:$F$1048576)-SUMIFS([1]Transaksi!$F$6:$F$1048576,[1]Transaksi!$C$6:$C$1048576,"1.1.11.11",[1]Transaksi!$K$6:$K$1048576,'Rekap Perbulan'!A10) -> 96548400 | E10: =SUMIF([1]Transaksi!$K$6:$K$1048576,'Rekap Perbulan'!A10,[1]Transaksi!$G$6:$G$1048576)-SUMIFS([1]Transaksi!$G$6:$G$1048576,[1]Transaksi!$K$6:$K$1048576,'Rekap Perbulan'!A10,[1]Transaksi!$C$6:$C$1048576,"2.2.22.22") -> 149297700 | F10: =D10-E10 -> -52749300
A11: 3 | B11: 45717 | C11: 45747 | D11: =SUMIF([1]Transaksi!$K$6:$K$1048576,'Rekap Perbulan'!A11,[1]Transaksi!$F$6:$F$1048576)-SUMIFS([1]Transaksi!$F$6:$F$1048576,[1]Transaksi!$C$6:$C$1048576,"1.1.11.11",[1]Transaksi!$K$6:$K$1048576,'Rekap Perbulan'!A11) -> 150029000 | E11: =SUMIF([1]Transaksi!$K$6:$K$1048576,'Rekap Perbulan'!A11,[1]Transaksi!$G$6:$G$1048576)-SUMIFS([1]Transaksi!$G$6:$G$1048576,[1]Transaksi!$K$6:$K$1048576,'Rekap Perbulan'!A11,[1]Transaksi!$C$6:$C$1048576,"2.2.22.22") -> 155030000 | F11: =D11-E11 -> -5001000
A12: 4 | B12: 45748 | C12: 45777 | D12: =SUMIF([1]Transaksi!$K$6:$K$1048576,'Rekap Perbulan'!A12,[1]Transaksi!$F$6:$F$1048576)-SUMIFS([1]Transaksi!$F$6:$F$1048576,[1]Transaksi!$C$6:$C$1048576,"1.1.11.11",[1]Transaksi!$K$6:$K$1048576,'Rekap Perbulan'!A12) -> 287978000 | E12: =SUMIF([1]Transaksi!$K$6:$K$1048576,'Rekap Perbulan'!A12,[1]Transaksi!$G$6:$G$1048576)-SUMIFS([1]Transaksi!$G$6:$G$1048576,[1]Transaksi!$K$6:$K$1048576,'Rekap Perbulan'!A12,[1]Transaksi!$C$6:$C$1048576,"2.2.22.22") -> 162441600 | F12: =D12-E12 -> 125536400
A13: 5 | B13: 45778 | C13: 45808 | D13: =SUMIF([1]Transaksi!$K$6:$K$1048576,'Rekap Perbulan'!A13,[1]Transaksi!$F$6:$F$1048576)-SUMIFS([1]Transaksi!$F$6:$F$1048576,[1]Transaksi!$C$6:$C$1048576,"1.1.11.11",[1]Transaksi!$K$6:$K$1048576,'Rekap Perbulan'!A13) -> 99854500 | E13: =SUMIF([1]Transaksi!$K$6:$K$1048576,'Rekap Perbulan'!A13,[1]Transaksi!$G$6:$G$1048576)-SUMIFS([1]Transaksi!$G$6:$G$1048576,[1]Transaksi!$K$6:$K$1048576,'Rekap Perbulan'!A13,[1]Transaksi!$C$6:$C$1048576,"2.2.22.22") -> 172289000 | F13: =D13-E13 -> -72434500
A14: 6 | B14: 45809 | C14: 45838 | D14: =SUMIF([1]Transaksi!$K$6:$K$1048576,'Rekap Perbulan'!A14,[1]Transaksi!$F$6:$F$1048576)-SUMIFS([1]Transaksi!$F$6:$F$1048576,[1]Transaksi!$C$6:$C$1048576,"1.1.11.11",[1]Transaksi!$K$6:$K$1048576,'Rekap Perbulan'!A14) -> 128713000 | E14: =SUMIF([1]Transaksi!$K$6:$K$1048576,'Rekap Perbulan'!A14,[1]Transaksi!$G$6:$G$1048576)-SUMIFS([1]Transaksi!$G$6:$G$1048576,[1]Transaksi!$K$6:$K$1048576,'Rekap Perbulan'!A14,[1]Transaksi!$C$6:$C$1048576,"2.2.22.22") -> 172178450 | F14: =D14-E14 -> -43465450
A15: 7 | B15: 45839 | C15: 45869 | D15: =SUMIF([1]Transaksi!$K$6:$K$1048576,'Rekap Perbulan'!A15,[1]Transaksi!$F$6:$F$1048576)-SUMIFS([1]Transaksi!$F$6:$F$1048576,[1]Transaksi!$C$6:$C$1048576,"1.1.11.11",[1]Transaksi!$K$6:$K$1048576,'Rekap Perbulan'!A15) -> 157977000 | E15: =SUMIF([1]Transaksi!$K$6:$K$1048576,'Rekap Perbulan'!A15,[1]Transaksi!$G$6:$G$1048576)-SUMIFS([1]Transaksi!$G$6:$G$1048576,[1]Transaksi!$K$6:$K$1048576,'Rekap Perbulan'!A15,[1]Transaksi!$C$6:$C$1048576,"2.2.22.22") -> 154777950 | F15: =D15-E15 -> 3199050
A16: 8 | B16: 45870 | C16: 45900 | D16: =SUMIF([1]Transaksi!$K$6:$K$1048576,'Rekap Perbulan'!A16,[1]Transaksi!$F$6:$F$1048576)-SUMIFS([1]Transaksi!$F$6:$F$1048576,[1]Transaksi!$C$6:$C$1048576,"1.1.11.11",[1]Transaksi!$K$6:$K$1048576,'Rekap Perbulan'!A16) -> 56483000 | E16: =SUMIF([1]Transaksi!$K$6:$K$1048576,'Rekap Perbulan'!A16,[1]Transaksi!$G$6:$G$1048576)-SUMIFS([1]Transaksi!$G$6:$G$1048576,[1]Transaksi!$K$6:$K$1048576,'Rekap Perbulan'!A16,[1]Transaksi!$C$6:$C$1048576,"2.2.22.22") -> 132028950 | F16: =D16-E16 -> -75545950
A17: 9 | B17: 45901 | C17: 45930 | D17: =SUMIF([1]Transaksi!$K$6:$K$1048576,'Rekap Perbulan'!A17,[1]Transaksi!$F$6:$F$1048576)-SUMIFS([1]Transaksi!$F$6:$F$1048576,[1]Transaksi!$C$6:$C$1048576,"1.1.11.11",[1]Transaksi!$K$6:$K$1048576,'Rekap Perbulan'!A17) -> 0 | E17: =SUMIF([1]Transaksi!$K$6:$K$1048576,'Rekap Perbulan'!A17,[1]Transaksi!$G$6:$G$1048576)-SUMIFS([1]Transaksi!$G$6:$G$1048576,[1]Transaksi!$K$6:$K$1048576,'Rekap Perbulan'!A17,[1]Transaksi!$C$6:$C$1048576,"2.2.22.22") -> 0 | F17: =D17-E17 -> 0
A18: 10 | B18: 45931 | C18: 45961 | D18: =SUMIF([1]Transaksi!$K$6:$K$1048576,'Rekap Perbulan'!A18,[1]Transaksi!$F$6:$F$1048576)-SUMIFS([1]Transaksi!$F$6:$F$1048576,[1]Transaksi!$C$6:$C$1048576,"1.1.11.11",[1]Transaksi!$K$6:$K$1048576,'Rekap Perbulan'!A18) -> 0 | E18: =SUMIF([1]Transaksi!$K$6:$K$1048576,'Rekap Perbulan'!A18,[1]Transaksi!$G$6:$G$1048576)-SUMIFS([1]Transaksi!$G$6:$G$1048576,[1]Transaksi!$K$6:$K$1048576,'Rekap Perbulan'!A18,[1]Transaksi!$C$6:$C$1048576,"2.2.22.22") -> 0 | F18: =D18-E18 -> 0
A19: 11 | B19: 45962 | C19: 45991 | D19: =SUMIF([1]Transaksi!$K$6:$K$1048576,'Rekap Perbulan'!A19,[1]Transaksi!$F$6:$F$1048576)-SUMIFS([1]Transaksi!$F$6:$F$1048576,[1]Transaksi!$C$6:$C$1048576,"1.1.11.11",[1]Transaksi!$K$6:$K$1048576,'Rekap Perbulan'!A19) -> 0 | E19: =SUMIF([1]Transaksi!$K$6:$K$1048576,'Rekap Perbulan'!A19,[1]Transaksi!$G$6:$G$1048576)-SUMIFS([1]Transaksi!$G$6:$G$1048576,[1]Transaksi!$K$6:$K$1048576,'Rekap Perbulan'!A19,[1]Transaksi!$C$6:$C$1048576,"2.2.22.22") -> 0 | F19: =D19-E19 -> 0
A20: 12 | B20: 45992 | C20: 46022 | D20: =SUMIF([1]Transaksi!$K$6:$K$1048576,'Rekap Perbulan'!A20,[1]Transaksi!$F$6:$F$1048576)-SUMIFS([1]Transaksi!$F$6:$F$1048576,[1]Transaksi!$C$6:$C$1048576,"1.1.11.11",[1]Transaksi!$K$6:$K$1048576,'Rekap Perbulan'!A20) -> 0 | E20: =SUMIF([1]Transaksi!$K$6:$K$1048576,'Rekap Perbulan'!A20,[1]Transaksi!$G$6:$G$1048576)-SUMIFS([1]Transaksi!$G$6:$G$1048576,[1]Transaksi!$K$6:$K$1048576,'Rekap Perbulan'!A20,[1]Transaksi!$C$6:$C$1048576,"2.2.22.22") -> 0 | F20: =D20-E20 -> 0
A21: GRAND TOTAL | D21: =SUM(D9:D20) -> 1147260900 | E21: =SUM(E9:E20) -> 1253891350 | F21: =SUM(F9:F20) -> -106630450
H26: =E21-'[1]RAB BELANJA'!D223 -> -1440000
D27: ='[1]RAB PENDAPATAN'!D155-'Rekap Perbulan'!D21 -> 250000
E29: =E21-[1]REKAPITULASI!D70 -> -1440000
